,Title,Rank,Score,Medium,Number of Episodes,Episode Length,Start Date,End Date,Premier Season,Source Material,Age Rating,Number of Members,URLS,Synopses,Genre 1,Genre 2,Genre 3,Genre 4,Genre 5,Genre 6,Genre 7,Genre 8,Total Minutes,Synopsis Length
100,Meitantei Holmes: Aoi Ruby no Maki / Kaitei no Zaihou no Maki,5301,6.61,Movie,1,"46 min.
 ",Mar 1984,Mar 1984,Unavailable,Novel,G ,1153,https://myanimelist.net/anime/15347/Meitantei_Holmes__Aoi_Ruby_no_Maki___Kaitei_no_Zaihou_no_Maki,"The famous blue ruby is stolen in such an elaborate way, that only one villain can be suspected - Professor Moriarty. It is up to Sherlock Holmes to return it and, in the process, to turn a young pick-pocket on the right path. In the second part, Moriarty sets his sights even higher, stealing a top-secret submarine from the Navy. What does he need it for? Holmes is once again on the trail.",Adventure,Mystery,Comedy,,,,,,46,73
101,Mushikago no Cagaster,5302,6.61,ONA,12,28 min. per ep.,Feb 2020,Feb 2020,Unavailable,Manga,Unavailable,19346,https://myanimelist.net/anime/38663/Mushikago_no_Cagaster,"In a near future, an illness called ""Cagaster"" made ​​its appearance. It turns humans into insects. The story begins 30 years after the onset of the illness, in 2125. It follows the adventures of Kidou, a boy who fights insects. (Source:",Action,Sci-Fi,Drama,,,,,,336,41
102,Nanaka 6/17,5303,6.61,TV,12,25 min. per ep.,Jan 2003,Mar 2003,Winter,Manga,PG-13,7735,https://myanimelist.net/anime/776/Nanaka_6_17,"Seventeen-year-old Nanaka Kirisato is a high school student serious about her studies and goals in life. She frequently criticizes her best friend, Nenji Nagihara, for being a childish delinquent who spends his time fighting other boys. Then one day, after a heated argument with Nenji, she falls off a flight of stairs and suffers a brain injury, resulting in her mind reverting to that of a six-year-old. With this in mind, Nanaka's father and Nenji must keep her injury a secret as she struggles to live a normal life and grow up all over again.",Slice of Life,Comedy,Drama,Romance,Shounen,,,,300,95
103,Nanaka 6/17 Special,5304,6.61,Special,1,"25 min.
 ",Jun 2003,Jun 2003,Unavailable,Manga,PG-13,1670,https://myanimelist.net/anime/5865/Nanaka_6_17_Special,Unaired series episode included in the DVD release.,Comedy,Drama,Romance,Shounen,Slice of Life,,,,25,8
104,Nijiiro Days: Houkago Special,5305,6.61,Special,1,"13 min.
 ",Apr 2016,Apr 2016,Unavailable,Manga,PG-13,5843,https://myanimelist.net/anime/33102/Nijiiro_Days__Houkago_Special,Recap of the first 12 episodes of Nijiiro Days.,Slice of Life,Comedy,Romance,School,Shoujo,,,,13,9
105,Nil Admirari no Tenbin,5306,6.61,TV,12,23 min. per ep.,Apr 2018,Jun 2018,Spring,Visual novel,PG-13,28858,https://myanimelist.net/anime/33850/Nil_Admirari_no_Tenbin,"The Taishou era didn't end in 15 years, but went on for another 25. In order to protect her waning family, a girl resolves to marry a man she doesn't even know the name of. However, just before the marriage was to take place, the girl's younger brother mysteriously committed suicide by self-immolation and was found holding an old book in his hands. Appearing before the bewildered young girl was the ""Imperial Library Intelligence Asset Management Bureau,"" more commonly referred to as ""Fukurou."" According to these men, there exists ""Maremono,"" which are books that greatly affect their readers. On top of that, ever since the incident involving the girl's younger brother, she unwittingly gains the ability to see ""Auras"" (the sentiments of the Maremono which manifest as bright lights and are usually invisible to humans). It was as though fate were trying to drag the young girl in its flames. And then, even though apprehensive, the girl chooses to venture outside her bird cage. Jealousy, hatred, scorn, compassion, and love. What awaited the girl was the darkness of betrayal that had already begun to bewitchingly inlay the imperial capital. Toyed by and swayed within that darkness, will the young girl finally reach the truth after her struggles, or...? (Source:",Harem,Historical,Romance,Fantasy,Josei,,,,276,209
106,Ninpuu Kamui Gaiden,5307,6.61,TV,26,25 min. per ep.,Apr 1969,Sep 1969,Spring,Manga,R,1407,https://myanimelist.net/anime/5023/Ninpuu_Kamui_Gaiden,Kamui is a ninja from the Edo period who has decided to leave his clan. After doing so he is pursued relentlessly by the members of his former clan; who consider him to be a traitor and therefore wish to kill him. Kamui then wanders around Japan to escape from them by using his intelligence and great abilities to survive. In the course of the series Kamui begins to suffer from paranoia because of his status as a persecuted man. Kamui then started to believe that everybody wished to murder him and became distrusting of everyone he came across.,Action,Adventure,Historical,Martial Arts,Samurai,,,,650,99
107,Nyanko Days,5308,6.61,TV,12,2 min. per ep.,Jan 2017,Mar 2017,Winter,4-koma manga,PG-13,54217,https://myanimelist.net/anime/34148/Nyanko_Days,"Konagai Tomoko is a first-year in high school and a shy girl. Tomoko owns three cats. The cheerful and live Munchkin Maa, the smart and responsible Russian Blue Rou, and the gentle crybaby Singapura Shii. Tomoko, whose only friends were her cats, one day becomes friends with Shiratori Azumi, who also loves cats. This is a fluffy and cute comedy about the daily life of Tomoko and her cats, Tomoko and Azumi's friendship, and the interaction between cats.",Slice of Life,Comedy,,,,,,,24,78
108,Ojisan to Marshmallow,5309,6.61,TV,12,3 min. per ep.,Jan 2016,Mar 2016,Winter,Web manga,PG-13,52452,https://myanimelist.net/anime/31848/Ojisan_to_Marshmallow,"Habahiro Hige is a simple-minded older man who works an office job and is an enthusiast of Tabekko Marshmallows. His days often consist of being teased by his 24-year-old colleague Iori Wakabayashi, who uses his obsession to her advantage: from eating them in front of his face, to buying out his favorite brand from the convenience store, and even embarrassing him in front of their boss. Although her friends cannot fathom what she sees in him, she just cannot get over his marshmallow-like, fluffy frame. No matter the lengths it takes, Iori will find a way to get his attention. Little does Habahiro know that she is trying to seduce him into a romantic relationship with her. The way to a man's heart is through his stomach, right? At least this is what Iori would honestly like to believe. With a bag in hand, Iori continues to make him chase after her day after day, hoping that he will finally see through her attempts. Will he ever realize that their relationship can become s'more?",Slice of Life,Comedy,Romance,,,,,,36,174
109,One Piece: Cry Heart,5310,6.61,Special,3,5 min. per ep.,Jan 2014,Apr 2015,Unavailable,Manga,PG-13,6254,https://myanimelist.net/anime/22661/One_Piece__Cry_Heart,"Episode 1: Fuyujima ni Furu Sakura Diligent animators took Banpresto's ""One Piece Cry heart ~Fuyujima ni Furu Sakura~"" (One Piece Cry heart ~The Cherry Blossoms That Fall on Winter Island~) line of crane game prize figures and created a five-minute stop-motion short. The short recreates the famous ""Hiluluk's Cherry Blossoms"" scene from Eiichiro Oda's manga and anime One Piece. Episode 2: Fuyujima ni Furu Sakura A stop-motion animated video for Banpresto's ""One Piece Cry heart ~children's dream~"" line of crane game prize figures. The short recreates the famous ""Oath of Brothers"" scene from Eiichiro Oda's manga and anime. Episode 3: Ace no Saigo",Fantasy,Shounen,,,,,,,15,103
110,Piyoko ni Omakase pyo!,5311,6.61,OVA,8,15 min. per ep.,Mar 2003,May 2003,Unavailable,Unavailable,PG-13,2118,https://myanimelist.net/anime/1748/Piyoko_ni_Omakase_pyo,"Leave it to Piyoko! Move over, Di Gi Charat! Piyoko and the Black Gema Gema Gang star in this new OVA series. From the Planet Analogue to Earth, the Black Gema Gema Gang try to kidnap Dejiko and hold her ransom to find their dream of a prosperous home!",Comedy,Sci-Fi,Shounen,,,,,,120,49
111,Pokonyan!,5312,6.61,TV,170,10 min. per ep.,Apr 1993,Mar 1996,Spring,Unavailable,PG ,645,https://myanimelist.net/anime/6779/Pokonyan,"Rocky Rackat (Pokonyan) is a funny little creature that's a bit of a cross between a cat and a raccoon. There are rumors that he may be a lunar cat, however this is not a documented fact, he may be a bit looney at times, yet his origin remains a mystery. Rocky is quite innocent and unaware of the value of his special powers. He has the ability to turn children's fantasies into realities. The sky is the limit in the adventures he can create! Our story begins when Amy (Miki), a spirited young girl, joins her family on a camping trip. To her surprise, Amy discovers Rocky in her backpack among her camping gear. Rocky thinks Amy is his sister and he follows her everywhere. Amy is active and curious, yet she has a tendency to become frustrated and fed-up with the world around her. With Rocky's arrival, Amy's world changes drastically. Rocky uses his powers to turn Amy's dreams into real life adventures. Although Rocky's efforts are well intended, his efforts are not always successful. Occasionally these adventures ""short-circuit"" and become near disasters! Through ""thick and thin"" Rocky and Amy become quite a pair and develop a long lasting friendship, experiencing a wide assortment of fun-filled escapades. [Source: Enoki Films USA]",Comedy,Fantasy,Kids,Magic,,,,,1700,213
112,Saber Marionette R,5313,6.61,OVA,3,30 min. per ep.,May 1995,Sep 1995,Unavailable,Unavailable,PG-13,6864,https://myanimelist.net/anime/1232/Saber_Marionette_R,"Jr., the heir of Romana and his battle sabers Cherry and Lime, who have girl circuits are enjoying their peaceful life in Romana. Suddenly, the evil Star-Face and his sexadolls attack Romana in order to take over so Star-Face can become the next High Official. In order to truly become the next High Official and ruler of Romana, he must first eliminate Jr. This begins a battle for, not only Jr.'s life, but for all of Romana.",Action,Comedy,Harem,Mecha,Sci-Fi,,,,90,77
113,Sanrio Danshi,5314,6.61,TV,12,24 min. per ep.,Jan 2018,Mar 2018,Winter,Original,PG-13,37536,https://myanimelist.net/anime/34839/Sanrio_Danshi,"Kouta Hasegawa is a completely normal high school student who likes his Pompompurin stuffed animal, a Sanrio character modelled after a Golden Retriever, which his grandmother gave him when he was young. However, an incident in which other kids accused him of being girly for liking Sanrio characters made him ashamed of his attachment to Pompompurin. Through a series of unexpected events, Kouta ends up meeting others at school who also like Sanrio characters—Yuu Mizuno, a flashy boy who is popular with girls; Shunsuke Yoshino, a member of the soccer team; Ryou Nishimiya, an underclassman who is a library assistant; and Seiichirou Minamoto, the student council president. Through his new friends, Kouta learns that there is no need to be embarrassed for liking Sanrio characters; and together, they aim to create a play for the cultural festival in order to transform his normal school life into a sparkly one.",Slice of Life,Drama,School,,,,,,288,149
114,Sengoku Musou SP: Sanada no Shou,5315,6.61,Special,1,"45 min.
 ",Mar 2014,Mar 2014,Unavailable,Game,PG-13,5157,https://myanimelist.net/anime/21497/Sengoku_Musou_SP__Sanada_no_Shou,"The story of the special revolves around the Sanada brothers in their youth. Nobuyuki and Yukimura swear to each other to protect the influential Sanada clan. However, thinking of how to best continue the Sanada clan, Yukimura makes a decision, and meets with Mitsunari Ishida and Naoe Kanetsugu at the location he arrived at. On the other hand, his elder brother Nobuyuki must worry about the selfish demands made by the Tokugawa clan.",Action,Historical,Samurai,,,,,,45,73
115,Spider Riders: Oracle no Yuusha-tachi,5316,6.61,TV,26,23 min. per ep.,Apr 2006,Sep 2006,Spring,Novel,PG ,6769,https://myanimelist.net/anime/2619/Spider_Riders__Oracle_no_Yuusha-tachi,"Underneath the surface of the Earth lies the Inner World, a realm where a war rages on between intelligent spiders and the invading humanoid insects known as Insectors. However, the spiders are not alone, as ""Spider Riders""—humans from the Outer World, known as Earthens in the Inner World, that are chosen by the Oracle—fight alongside them. Filled with wondrous tales of a mysterious pyramid and entrusted with his grandfather's journal, a young boy called Hunter Steele sets out on an exploration. There, his destined meeting with the Oracle occurs, and he is transported into the Inner World as a Spider Rider. Finding himself lost and confused in the middle of a forest, Hunter crosses paths with a giant spider named Shadow. Although reluctant, Shadow agrees to fight by his side. He then meets Corona—a skilled Spider Hunter and kind girl with a penchant for normal life. She shows him the ropes of being a Spider Rider, and educates him about the fate of the Inner World if the Insectors continue their tyrannical reign. Thus begins the story of Hunter Steele, a heedless young boy on a quest to save the Inner World. But his task of retrieving the four Oracle Keys holding the Oracle's true power will lead him to an ultimate clash against Mantid, leader of the Insectors.",Action,Adventure,Mecha,,,,,,598,219
116,Star Ocean EX,5317,6.61,TV,26,22 min. per ep.,Apr 2001,Sep 2001,Spring,Game,PG-13,11283,https://myanimelist.net/anime/1005/Star_Ocean_EX,"Claude C. Kenni, a crewmember on the spaceship Calnus and son of the commander of the ship, is transported to Expel, a backwards planet with swords and magic. He teams up with Rena Lanford, who thinks he is the legendary Warrior of Light, and other characters to investigate the Sorcery Globe, a meteorite that has been causing problems all over the world.",Adventure,Fantasy,Sci-Fi,Shounen,,,,,572,62
117,Teekyuu,5318,6.61,TV,12,2 min. per ep.,Oct 2012,Dec 2012,Fall,Manga,PG-13,53934,https://myanimelist.net/anime/15125/Teekyuu,"Teekyuu is all about the wacky antics of four schoolgirls—Kanae Shinjou gets bored easily and often breaks the laws of physics to get what she wants; Nasuno Takamiya is incredibly rich and knows how to make things go her way; Marimo Bandou would probably get arrested from her actions like eating panties or kidnapping children; and Yuri Oshimoto, their ordinary junior, rounds out the eccentric bunch that forms the sole members of their school's tennis club. Despite their interest in learning the sport, the older girls prefer messing around, while Yuri, being the only one who actually knows how to play and the most mature in spite of being younger, has to deal with her seniors' out of control behavior. When these four girls come together, insanity ensues in this lightning-paced comedy about a tennis club that doesn't really play tennis.",Comedy,School,Shounen,Sports,,,,,24,141
118,Teekyuu 9,5319,6.61,TV,12,2 min. per ep.,Jul 2017,Sep 2017,Summer,Manga,PG-13,10553,https://myanimelist.net/anime/35370/Teekyuu_9,Ninth season of the Teekyuu anime series.,Comedy,Sports,,,,,,,24,7
119,The King of Fighters: Destiny,5320,6.61,ONA,24,16 min. per ep.,Aug 2017,Jan 2018,Unavailable,Game,PG-13,3428,https://myanimelist.net/anime/35204/The_King_of_Fighters__Destiny,CG anime adaptation of The King of Fighters fighting game franchise.,Action,Adventure,Drama,Martial Arts,Romance,,,,384,11
120,Tsuyokiss,5321,6.61,TV,12,24 min. per ep.,Jul 2006,Sep 2006,Summer,Visual novel,PG-13,17323,https://myanimelist.net/anime/1198/Tsuyokiss,"Sunao Konoe starts her first day at a new school and is surprised to find that there is no drama club. So, she decides to make one of her own. But between a childhood friend showing up, the crazy student body, and the arrogant student council president blocking her at every turn, it seems that actually creating the club is going to be more difficult than she thought.",Comedy,Romance,School,Slice of Life,,,,,288,68
121,Uchuu Kyoudai: Itten no Hikari,5322,6.61,Movie,1,"38 min.
 ",Jul 2012,Jul 2012,Unavailable,Unavailable,PG-13,4546,https://myanimelist.net/anime/17573/Uchuu_Kyoudai__Itten_no_Hikari,"The anime's original story features Mutta and Hibito during one summer when they were children. During the summer when Mutta and Hibito made their promise to go to space, they met a young girl who also had a wish.",Comedy,Sci-Fi,Seinen,Slice of Life,,,,,38,39
122,Yamato yo Towa ni,5323,6.61,Movie,1,2 hr. 30 min.,Aug 1980,Aug 1980,Unavailable,Original,PG-13,2619,https://myanimelist.net/anime/3069/Yamato_yo_Towa_ni,The Black Nebula Empire attacks Earth and threatens to blow up the planet with a bomb they placed on Earth if counter attacked. Earths hopes rest on the Yamato crew as they go to the Black Nebula Planet and try to find a way to difuse the bomb before it's too late.,Action,Military,Sci-Fi,Adventure,Space,Drama,,,150,52
123,Yoroiden Samurai Troopers Gaiden,5324,6.61,OVA,2,25 min. per ep.,Apr 1989,Jun 1989,Unavailable,Unavailable,PG-13,2404,https://myanimelist.net/anime/1265/Yoroiden_Samurai_Troopers_Gaiden,"Although Talpa has been defeated, the Warriors don't get much of a break. As they celebrate Ryo's birthday party, the news tells them of a strange killer in samurai armor wreaking havoc in New York. And the armor looks very familiar. Now, they will have to battle the ancient sorcerer Shikaisen for Sage's life!",Adventure,Fantasy,Samurai,Shounen,,,,,50,54
124,Ninja Slayer From Animation,5325,6.6,ONA,26,12 min. per ep.,Apr 2015,Oct 2015,Unavailable,Novel,R,37477,https://myanimelist.net/anime/23605/Ninja_Slayer_From_Animation,"Ninja... Ninja were... merciless demi-gods, ruling Japan with their karate in the age of ninja tranquillity. But, ""some"" committed a forbidden form of hara-kiri storing their souls at Kinkaku Temple for future resurrection. Their lost history was falsified and concealed and the truth about these ninja was long forgotten. Now, in the future where the universalization of cybernetic technology and electronic networks are God, suddenly, sinister ninja souls, resurrected from thousands of years past are unleashed on the dark shadows of Neo-Saitama. Fujikido Kenji, is a salaryman whose wife and child were killed in a ninja turf war. In a brush with his own death, Fujikido is possessed by an enigmatic ninja soul. Fujikido cheats death and becomes Ninja Slayer. A Grim Reaper destined to kill evil ninja, committed to a personal war of vengeance. Set in the dystopian underworld of Neo-Saitama, Ninja Slayer takes on Soukai Syndicate ninjas in mortal combat. (Source:",Action,,,,,,,,312,153
125,Papuwa,5326,6.6,TV,26,25 min. per ep.,Sep 2003,Mar 2004,Fall,Manga,R,1415,https://myanimelist.net/anime/2501/Papuwa,"In this sequel series, events continue four years after they left off in the first series. Papuwa-kun is a mysterious boy who lives on a new tropical island full of the same crazy creatures. Along with his maid, Liquid, and his new amnestic friend, ""Rotarou"", they lead nonsensical adventures as they try to evade and confuse the Ganma Army, Special Corps, and even the Shinsengumi from discovering Rotarou's real secret and taking him away.",Adventure,Comedy,,,,,,,650,74
126,Pastel Life,5327,6.6,TV,6,3 min. per ep.,May 2018,Jun 2018,Spring,Unavailable,PG-13,4560,https://myanimelist.net/anime/37778/Pastel_Life,"A Nico Live broadcast of BanG Dream! franchise on Monday has announced a spin-off anime featuring one of the units in the franchise, Pastel*Palettes. Titled Pastel Life, the slice-of-life series is yet to announce its type and broadcast details. (Source:",Music,Slice of Life,,,,,,,18,40
127,Phantom: Requiem for the Phantom Picture Drama,5328,6.6,Special,9,6 min. per ep.,Jul 2009,Feb 2010,Unavailable,Visual novel,R,6570,https://myanimelist.net/anime/8705/Phantom__Requiem_for_the_Phantom_Picture_Drama,DVD/BD specials.,Comedy,,,,,,,,54,2
128,Pingu in the City,5329,6.6,TV,26,7 min. per ep.,Oct 2017,Mar 2018,Fall,Other,G ,36599,https://myanimelist.net/anime/36259/Pingu_in_the_City,"Pingu and his family move from their small village to the big city; in which there are many people with many different occupations. The ever-curious Pingu tries to join them at their jobs, but his mischievous side gets the better of him and he ends up messing things up.",Comedy,Kids,Slice of Life,,,,,,182,49
129,"Pokemon Fushigi no Dungeon: Toki no Tankentai, Yami no Tankentai",5330,6.6,Special,1,"21 min.
 ",Sep 2007,Sep 2007,Unavailable,Game,PG ,9656,https://myanimelist.net/anime/5256/Pokemon_Fushigi_no_Dungeon__Toki_no_Tankentai_Yami_no_Tankentai,"In a world where only Pokémon live, one Hikozaru wishes to be part of Pukurin Guild—a large area where Exploration Teams gather and work. Intimidated by the apparent strength of the guild members and the guild's security, Hikozaru runs away, stumbling over an unconscious Pochama in the middle of his escape. The Pochama wakes up and is immediately shocked by both a talking Hikozaru as well as his own appearance—because Pochama knows that he is actually a human! With Pochama having no memories aside from previously being human (as well as countless questions about his new body), Hikozaru suggests that he ask the leader of Pukurin Guild for help. While Guildmaster Pukurin may not have answers about Pochama's transformation, he decides to make Pochama and Hikozaru an Exploration Team, which HIkozaru calls Pokédans. For their first mission, the duo must get a Gabite Scale by going to Labyrinth Cave with Kimawari!",Adventure,Fantasy,,,,,,,21,151
130,Rolling☆Girls,5331,6.6,TV,12,24 min. per ep.,Jan 2015,Mar 2015,Winter,Original,PG-13,76027,https://myanimelist.net/anime/25867/Rolling☆Girls,"In a dystopian future where Japan's political organization has crumbled after the Great Tokyo War, Japan is broken up into 10 independent nations, with each nation controlled by a gang led by a ""Best,"" a human-proclaimed prophet with destructive superpowers. Nozomi Moritomo is a ""Rest""—a normal girl that has just started out as a rookie in the local gang. She wants to help the Best Masami Utoku, her childhood friend and role model, in the ongoing territorial dispute. When Masami becomes severely injured and unable to fight, Nozomi decides to go on a mission to complete the requests sent to Masami from all over Japan. Along the way, she meets Yukina Kosaka, a shy girl with no sense of direction; Ai Hibiki, an upbeat girl who loves eating; and Chiaya Misono, a quiet and mysterious girl that wears a gas mask. Together, the four girls travel all over the country on their motorcycles while getting involved in territorial wars, disagreements, and even suspicious conspiracies.",Action,Adventure,Slice of Life,Super Power,,,,,288,164
131,Ryuugajou Nanana no Maizoukin,5332,6.6,Special,1,"2 min.
 ",Dec 2011,Dec 2011,Unavailable,Light novel,PG-13,11765,https://myanimelist.net/anime/13517/Ryuugajou_Nanana_no_Maizoukin,"Promotion video for Kazuma Ootorino's light novel Ryuugajou Nanana no Maizoukin, commissioned by Enterbrain after Ootorino won the 13th Entertainment Awards Grand Prize (Entame Taishou) from the publisher's light novel department.",Comedy,Supernatural,,,,,,,2,31
132,Sengoku Otome: Momoiro Paradox,5333,6.6,TV,13,23 min. per ep.,Apr 2011,Jun 2011,Spring,Game,R,39205,https://myanimelist.net/anime/10308/Sengoku_Otome__Momoiro_Paradox,"Yoshino Hide is an average girl who always seems to find trouble wherever she goes. One day Yoshino visits a local shrine to pray in order to pass her upcoming test. However, Yoshino sees a blue light coming from inside the Shrine and looks inside to find a mysterious person performing a magic spell. In a stroke of bad luck, Yoshino trips on a small bell and crashes into the shrine, prompting the stranger to catch her. Upon Yoshino's capture, the magic spell spirals out of control and sends Yoshino back in time to the Sengoku Era. Yoshino then encounters Akechi Mitsuhide and Oda Nobunaga. But unlike what really happened during the era, Hideyoshino realizes that everyone in the world is female. She then decides to help Oda Nobunaga find the Crimson Armor which is said to allow the person wearing the armor to conquer all of Japan.",Action,Comedy,Historical,Samurai,Sci-Fi,Super Power,,,299,148
133,Shin Koihime†Musou: Live Revolution,5334,6.6,OVA,1,"22 min.
 ",Mar 2010,Mar 2010,Unavailable,Visual novel,PG-13,4698,https://myanimelist.net/anime/8635/Shin_Koihime†Musou__Live_Revolution,Shin Koihime†Musou characters sing theme songs on stage at a live event.,Ecchi,Music,,,,,,,22,12
134,Soreyuke! Uchuu Senkan Yamamoto Yohko (1999),5335,6.6,TV,26,25 min. per ep.,Apr 1999,Sep 1999,Spring,Novel,PG-13,4084,https://myanimelist.net/anime/1618/Soreyuke_Uchuu_Senkan_Yamamoto_Yohko_1999,"In the year 2999: humanity is split into two factions, Terra and Ness, in a war fought by starships. One of the foremost of the pilots is the cocky teenager Yamamoto Yohko, and during one of her missions, she and her crew are sucked into a temporal anomaly (a la Star Trek) that sends her back to our time. Amnesiac, she only thinks of herself as a typical high school student - until a course of events sends her back to her ship the TA-29, with her newfound friends fighting at her side in a war that looks suspiciously like an arcade game (complete with 100 yen ignition costs!).",Action,Sci-Fi,Adventure,,,,,,650,109
135,Spirit of Wonder: China-san Tanpenshuu,5336,6.6,Special,3,12 min. per ep.,Jan 2001,Jan 2004,Unavailable,Unavailable,R,1666,https://myanimelist.net/anime/6245/Spirit_of_Wonder__China-san_Tanpenshuu,Three short stories featuring China-san.,Comedy,Sci-Fi,Seinen,,,,,,36,5
136,Spirit of Wonder: Shounen Kagaku Club,5337,6.6,OVA,2,30 min. per ep.,Jan 2001,Jul 2001,Unavailable,Unavailable,PG-13,2966,https://myanimelist.net/anime/2420/Spirit_of_Wonder__Shounen_Kagaku_Club,"The now 50 year old Scientific Boys Club decides to built a ship that sails to Mars on the ""Ethereal Current"" - a thesis of the wife of a club member which claims that the universe is flooded with Ethereal energy. On this stream they travel to Mars in order to prove an old theory about channels on Mars built by Martians, but there is no life. Many years later, when both theories are considered to be nonsense, a Mars expedition discovers a stone with the inscription ""Scientific Boys Club 1954"".",Drama,Sci-Fi,Seinen,Space,,,,,60,91
137,Sword Art Online: Sword Art Offline - Extra Edition,5338,6.6,Special,1,"13 min.
 ",Apr 2014,Apr 2014,Unavailable,Unavailable,PG-13,51519,https://myanimelist.net/anime/21879/Sword_Art_Online__Sword_Art_Offline_-_Extra_Edition,Extra episode of Sword Art Offline included in the Sword Art Online: Extra Edition Blu-ray and DVD.,Comedy,,,,,,,,13,17
138,To Heart,5339,6.6,TV,13,25 min. per ep.,Apr 1999,Jun 1999,Spring,Visual novel,PG ,22257,https://myanimelist.net/anime/472/To_Heart,"For as long as Akari can remember, she and Hiroyuki have always been friends. But with time, everything changes, and her feelings have turned into something more. As a new semester of high school begins, will the two childhood friends come closer together or drift further apart? Join Hiroyuki, Akari and all their friends—the bubbly Shiho, the quiet Serika, the lovely Kotone, and more—in this heartwarming tale of love, relationships and friendship!",Drama,Harem,Romance,School,Slice of Life,,,,325,72
139,Tottoko Hamtarou OVA 1: Hamtaro no Otanjoubi - Mama wo Tasunete Sanzen Techi Techi,5340,6.6,OVA,1,"44 min.
 ",Nov 2002,Nov 2002,Unavailable,Unavailable,G ,1739,https://myanimelist.net/anime/2399/Tottoko_Hamtarou_OVA_1__Hamtaro_no_Otanjoubi_-_Mama_wo_Tasunete_Sanzen_Techi_Techi,"Laura tells Hamtaro where he came from yet Laura thinks it is not true, just in time for his birthday, Hamtaro sets out with Boss and Oxnard to visit his mother to see if what Laura said is true, while the other Ham-Hams set up a surprise birthday party for him.",Adventure,Comedy,Kids,,,,,,44,51
140,Wooser no Sono Higurashi: Mugen-hen,5341,6.6,TV,13,7 min. per ep.,Jul 2015,Sep 2015,Summer,Web manga,G ,4130,https://myanimelist.net/anime/29017/Wooser_no_Sono_Higurashi__Mugen-hen,"The zany and cute-but-crude Wooser returns for another season in Wooser’s Hand-to-Mouth Life: Phantasmagoric Arc! Wooser is a creature that only cares about three things in life: meat, money, and girls. (Source:",Comedy,Fantasy,Slice of Life,,,,,,91,32
141,.hack//Tasogare no Udewa Densetsu,5342,6.6,TV,12,23 min. per ep.,Jan 2003,Mar 2003,Winter,Manga,PG-13,59836,https://myanimelist.net/anime/298/hack__Tasogare_no_Udewa_Densetsu,"Winning the legendary characters ""Kite"" and ""Black Rose"" from an event held by the creators of the MMORPG ""The World,"" Shugo and his twin sister Rena steps into ""The World."" Together they completed events and quests, along with their new friends Ouka, Mirelle, Hotaru, and Sanjuro. Soon after, mysterious monsters appeared, and death by these monsters caused players to slip into a coma in the real world. Only Shugo and Rena can solve this problem, but why are they being targeted, and what secrets is the game hiding?",Adventure,Comedy,Fantasy,Game,Sci-Fi,Shounen,,,276,88
142,3 Choume no Tama: Uchi no Tama Shirimasen ka?,5343,6.6,TV,36,23 min. per ep.,Nov 1988,Sep 1994,Fall,Unavailable,G ,1932,https://myanimelist.net/anime/2467/3_Choume_no_Tama__Uchi_no_Tama_Shirimasen_ka,"The characters are Tama, Momo, Wocket, Tiggle, Rockney, Pimmy, Bupkus, Bengpu, and Chopin. There is no consistent plot. Tama and his friends just have little, family friendly, adventures every episode. The only consistency is when a new friend is made one episode and flash backs.",Adventure,,,,,,,,828,45
143,8-gatsu no Symphony: Shibuya 2002-2003,5344,6.6,Movie,1,1 hr. 52 min.,Aug 2009,Aug 2009,Unavailable,Book,PG-13,1249,https://myanimelist.net/anime/6670/8-gatsu_no_Symphony__Shibuya_2002-2003,"Based on the autobiography of the singer Kawashima Ai. The name of the book is ""Saigo no Kotoba"" (""The Last Words"") and it follows Kawashima Ai's life after her mother's death. The story chronicles her journey to make her dream come true to be a singer and, among other things, how she used to perform for free on Tokyo's streets.",Music,,,,,,,,112,60
144,Akai Koudan Zillion,5345,6.6,TV,31,24 min. per ep.,Apr 1987,Dec 1987,Spring,Game,PG-13,4047,https://myanimelist.net/anime/2688/Akai_Koudan_Zillion,"The story takes place on the planet Maris in the year 2387. Around this time, the Nozas started to genocidally kill all humans in order to lay eggs and reproduce on the planet. Three mysterious guns dubbed the ""Zillion Weapon System"" appear and three teens (JJ, Champ, and Apple) are chosen to wield them as the White Knights in order to fight back against the Nozas.",Action,Military,Sci-Fi,Adventure,,,,,744,66
145,Akuma no Kimuraa-hen,5346,6.6,Special,1,"30 sec.
 ",Apr 2018 -,,Unavailable,Original,G ,1435,https://myanimelist.net/anime/37706/Akuma_no_Kimuraa-hen,"A cup noodle commercials where [Kuro] Hiyoko-chan, the mascot of the ""Chikin Ramen"" line from Nissin, uses black magic to summon devil powers to turn into [Kuro] Hiyoko Akuma. This year marked the 60th anniversary of instant noodles' invention.",Parody,Demons,,,,,,,0,39
146,Astarotte no Omocha!,5347,6.6,TV,12,23 min. per ep.,Apr 2011,Jun 2011,Spring,Manga,PG-13,119760,https://myanimelist.net/anime/9736/Astarotte_no_Omocha,"Succubi, like the young princess Astarotte ""Lotte"" Ygvar, require the life seed from men to survive, replenish their magic, and continue the royal lineage of the magical realm. This means succubi are required to keep a harem of men close at hand. Ironically, Lotte despises men, which will put her life at risk once she matures. To convince her to fulfill her duties, one of her attendants, Judith Snorrevik, goes to the human realm to find a human male whom Lotte can tolerate. Judith returns with 23-year-old Naoya Touhara, a single father who unfortunately leaves his daughter, Asuha, behind in the human realm. As the first member of Lotte's harem, Naoya quickly adapts to this new environment, serving the princess to make her happy, rather than viewing her with sexual intent. Unfortunately, when his daughter is allowed to arrive in the magical realm, Naoya's relationship quickly worsens with Lotte. Even so, he strives to patch up their relationship. It soon becomes clear, however, that Naoya's presence in the magical realm is more than just mere coincidence. As he develops his bond with Lotte, fate begins to pull together the connections that tie him and everyone else within this enchanting world.",Comedy,Demons,Ecchi,Fantasy,Romance,Seinen,,,276,200
147,Bari Bari Densetsu (1987),5348,6.6,Movie,1,1 hr. 25 min.,Aug 1987,Aug 1987,Unavailable,Manga,PG-13,1519,https://myanimelist.net/anime/12745/Bari_Bari_Densetsu_1987,The film is about 4 high-schoolers who are bike racers and illegally partake in races at night on public roads.,Action,Drama,Shounen,Sports,,,,,85,20
148,Betterman,5349,6.6,TV,26,24 min. per ep.,Apr 1999,Oct 1999,Spring,Original,R,12006,https://myanimelist.net/anime/1136/Betterman,"A deadly virus known as ""Algernon"" has attacked humanity with vicious meaning. At the forefront of the battle is the mystifying Akamatsu Industries—disguised as a heavy machine factory in Tokyo, this undercover organization uses neural enhanced weapons known as NeuroNoids to battle Algernon. Also helping with their secret efforts is the mysterious mutant who is only known as ""Betterman.""",Action,Adventure,Psychological,Comedy,Mecha,Drama,Horror,Mystery,624,59
149,Cardfight!! Vanguard G: Next,5350,6.6,TV,52,24 min. per ep.,Oct 2016,Oct 2017,Fall,Original,PG-13,6645,https://myanimelist.net/anime/34077/Cardfight_Vanguard_G__Next,Third season of Cardfight!! Vanguard G series.,Action,Game,Shounen,,,,,,1248,7
150,Crayon Shin-chan Gaiden: Alien vs. Shinnosuke,5351,6.6,ONA,13,8 min. per ep.,Aug 2016,Oct 2016,Unavailable,Manga,G ,1734,https://myanimelist.net/anime/33661/Crayon_Shin-chan_Gaiden__Alien_vs_Shinnosuke,"Unlike the main television anime series which is mostly set in modern-day Japan, the new series will be a ""sealed room"" suspense comedy set 100 years in the future. The story begins when Shinnosuke and the entire Nohara family wake up from cold sleep to find themselves aboard a space ship drifting in space. The anime will depict the various events that take place inside the ship.",Sci-Fi,Space,Comedy,Ecchi,Seinen,,,,104,67
151,Final Fantasy XV: Episode Ardyn - Prologue,5352,6.6,ONA,1,"13 min.
 ",Feb 2019,Feb 2019,Unavailable,Game,PG-13,6860,https://myanimelist.net/anime/38664/Final_Fantasy_XV__Episode_Ardyn_-_Prologue,"Final Fantasy XV: Episode Ardyn depicts the story of Ardyn Izunia, the main nemesis in Final Fantasy XV. The story of suffering, death, and resurrection leading up to the main story in FFXV. This animation reveals the story two millennia ago…",Action,,,,,,,,13,41
152,Five Star Stories,5353,6.6,Movie,1,1 hr. 5 min.,Mar 1989,Mar 1989,Unavailable,Manga,R,9922,https://myanimelist.net/anime/2042/Five_Star_Stories,"Amaterasu is the god of light, the future emperor of the Joker Star System. Under the guise of young mecha conceptor Ladios Sopp, he is compelled by an old friend, Dr Ballanche, to save his two latest Fatimas Lachesis and Clotho. And so began the stories of the Joker System, as well as Amaterasu's love for Lachesis.",Action,Drama,Fantasy,Mecha,Sci-Fi,,,,65,57
153,Gambo,5354,6.6,Movie,1,"12 min.
 ",Jul 2013,Jul 2013,Unavailable,Original,R,7073,https://myanimelist.net/anime/17679/Gambo,"Gambo is about a battle between a creature who's been killing members of a royal Japanese family, and a mysterious white bear who protects them.",Action,Demons,Historical,,,,,,12,25
154,Getsuyoubi no Tawawa Specials,5355,6.6,Special,2,4 min. per ep.,Dec 2016,Dec 2016,Unavailable,Other,PG-13,22281,https://myanimelist.net/anime/34481/Getsuyoubi_no_Tawawa_Specials,Two special episodes of Getsuyoubi no Tawawa included on Blu-ray. 1. Ukkarimono daga Aisare Jouzu no Kawaii Kouhai 2. Ai-chan to Private Film,Slice of Life,Ecchi,,,,,,,8,23
155,Ginga Tetsudou 999: Glass no Clair,5356,6.6,Movie,1,"15 min.
 ",Mar 1980,Mar 1980,Unavailable,Manga,G ,2075,https://myanimelist.net/anime/6653/Ginga_Tetsudou_999__Glass_no_Clair,This short movie is a remake of the first half of episode 3 of Ginga Tetsudou 999.,Drama,Sci-Fi,Space,,,,,,15,17
156,Gokukoku no Brynhildr: Kara Sawagi,5357,6.6,Special,1,"20 min.
 ",Sep 2014,Sep 2014,Unavailable,Manga,R,36044,https://myanimelist.net/anime/24695/Gokukoku_no_Brynhildr__Kara_Sawagi,Unaired episode 11.5 included with the second Blu-ray/DVD volume.,Sci-Fi,Harem,Comedy,Ecchi,Seinen,,,,20,9
157,Golgo 13: Queen Bee,5358,6.6,OVA,1,"56 min.
 ",May 1998,May 1998,Unavailable,Manga,R,7761,https://myanimelist.net/anime/1761/Golgo_13__Queen_Bee,"Master assassin Golgo 13 is hired by the advisor of presidential candidate Robert Hardy to assassinate ""Queen Bee,"" the beautiful and deadly leader of a South American guerilla army. Golgo, however, finds this job too easy and digs further information to find out the true connection between Hardy and Queen Bee.",Action,Adventure,Military,Drama,Seinen,,,,56,51
158,Grisaia: Phantom Trigger The Animation - Stargazer,5359,6.6,Movie,1,"1 hr.
 ",Nov 2020,Nov 2020,Unavailable,Visual novel,Unavailable,12883,https://myanimelist.net/anime/42392/Grisaia__Phantom_Trigger_The_Animation_-_Stargazer,Unavailable,Action,School,,,,,,,60,1
159,Hagure Yuusha no Aesthetica: Hajirai Ippai,5360,6.6,Special,6,4 min. per ep.,Sep 2012,Feb 2013,Unavailable,Unavailable,R,35535,https://myanimelist.net/anime/15729/Hagure_Yuusha_no_Aesthetica__Hajirai_Ippai,DVD/BD Specials,Comedy,Ecchi,,,,,,,24,2
160,Huan Jie Wang,5361,6.6,ONA,20,10 min. per ep.,May 2018,Oct 2018,Unavailable,Web manga,PG-13,2715,https://myanimelist.net/anime/37887/Huan_Jie_Wang,"In the world where most of the humans of the Eudemon continent have power of Eudemon (spiritual power), the protagonist is born without spiritual power, his dream is to be the next king of Eudemon. But without having any spiritual power can you fulfill your dream? On a day before the Tian Wu exam, he crosses a spy from the Mo Wu side that was defeated in the great war of 10 years ago. This girl infiltrates the forces of Tian Wu and thus the protagonist was involved in the middle of the fight between the forces Tian Wu and Mo Wu.",Action,Adventure,Magic,Fantasy,Shounen,,,,200,102
161,ID-0,5362,6.6,TV,12,24 min. per ep.,Apr 2017,Jun 2017,Spring,Original,PG-13,17044,https://myanimelist.net/anime/33797/ID-0,"Transferring the human consciousness into a robotic ""I-Machine"" is now a reality thanks to the discovery of a valuable ore called ""orichalt."" However, there is the possibility of the consciousness failing to return to the host's body, rendering them stuck inside their new metallic frame for good. Such is the situation of members of the Excavate Company, a reckless band of I-Machine miners led by the notorious Grayman that aims to gather orichalt for profit. During a mining incursion, the group rescues Maya Mikuri, a student who was abandoned by her crew. Accused of stealing classified information on orichalt by her former colleagues, she joins the Excavate Company in hopes of clearing her name. They then begin an adventure that will change their lives—including that of Ido, an ace member of the group with no memory of his past. For the first time, Ido might have the chance to rediscover his true identity.",Sci-Fi,Space,Mecha,,,,,,288,153
162,Imouto sae Ireba Ii. (ONA),5363,6.6,ONA,6,2 min. per ep.,Oct 2017,Dec 2017,Unavailable,Light novel,PG-13,9817,https://myanimelist.net/anime/37045/Imouto_sae_Ireba_Ii_ONA,"Original ""chibi"" styled animations of Imouto sae Ireba Ii. posted on the anime's official Twitter channel. Also included on the BD/DVD releases.",Comedy,,,,,,,,12,22
163,Kamen Rider Den-O: Imagin Anime,5364,6.6,OVA,10,5 min. per ep.,Apr 2008,Apr 2008,Unavailable,Other,G ,1080,https://myanimelist.net/anime/3923/Kamen_Rider_Den-O__Imagin_Anime,Web and DVD based 10 Episode OVA featuring the Imagin stars of the popular 2007 Kamen Rider Den-O live action tv series.,Action,Adventure,Comedy,Super Power,Kids,,,,50,22
164,Kemeko Deluxe!,5365,6.6,TV,12,24 min. per ep.,Oct 2008,Dec 2008,Fall,Manga,PG-13,35881,https://myanimelist.net/anime/3464/Kemeko_Deluxe,"When Sanpeita Kobayashi was a child, his lovely friend had to move away, but she vowed that in ten years, they would meet again—as husband and wife. Ten years later, Sanpeita is a high school student, but he hasn't forgotten the feelings they shared. Sanpeita awakes from a dream about his last day with her, only to have his morning interrupted. A weird robot girl is battling other robots in his bedroom, claiming to be his wife. The robot's pilot looks like none other than Sanpeita's long-lost, childhood friend. But who is she really? Why did she have to leave? And what does she have to do with the Mishima Electronics Corporation?",Action,Comedy,Ecchi,Romance,School,Sci-Fi,Shounen,,288,112
165,Line Offline: Salaryman,5366,6.6,TV,114,3 min. per ep.,Jan 2013,Oct 2013,Winter,Unavailable,PG-13,1681,https://myanimelist.net/anime/16906/Line_Offline__Salaryman,"The anime shorts are set in the fictional Line Corporation with a motley crew of idiosyncratic workers. There is the narcissistic section head and president's son James, the subsection head Moon (who is always gone somewhere but somehow gets his work done), the quiet but kindhearted subsection head Brown, and the subordinate Connie who is in an endless loop of yo-yo diets and weight gains.",Comedy,,,,,,,,342,65
166,Love Get Chu,5367,6.6,TV,25,24 min. per ep.,Apr 2006,Sep 2006,Spring,Visual novel,PG-13,7286,https://myanimelist.net/anime/1070/Love_Get_Chu,"Five girls came to a training school to become voice actresses holding each thought in her mind. Momoko - she wanted to be a voice actress to meet her favorite voice actor. Rinka - she is an armature voice actress, but she didn't have special purpose to become voice actress. Yurika - she likes anime very much. Tsubasa - she was a girl in love, and acted only as a boy. Amane - she found a deadlock as a actress and tried to find another way. They managed to get over the difficulty to become voice actress although they couldn't perform as main characters yet. There is a love romance with a boy works for an anime company, and you can catch a glimpse of situations of anime industries.",Comedy,Romance,,,,,,,600,129
167,Mazinger Z tai Ankoku Daishougun,5368,6.6,Movie,1,"43 min.
 ",Jul 1974,Jul 1974,Unavailable,Unavailable,PG-13,1817,https://myanimelist.net/anime/4406/Mazinger_Z_tai_Ankoku_Daishougun,"Kouji and his friends have defeated Dr. Hell and are now enjoying a break, but suddenly a strange prophet appears and warns everyone of an oncoming danger, mechanical beasts never seen before start appearing all around the world wrecking havoc. Its up to Kouji and his Mazinger Z to stand up to this threat but it seems he is vastly outnumber and outmatched. This film served as an alternative link between the Mazinger Z TV series and the Great Mazinger TV series. It basically introduces Great Mazinger to the audience, as well as his enemies from the Mikene Empire.",Action,Mecha,Shounen,,,,,,43,99
168,Nagagutsu wo Haita Neko no Bouken,5369,6.6,TV,26,25 min. per ep.,Apr 1992,Sep 1992,Spring,Unavailable,G ,664,https://myanimelist.net/anime/4468/Nagagutsu_wo_Haita_Neko_no_Bouken,"Anime adaptation of Charles Perrault fairy tale, directed by Susumu Ishizaki.",Adventure,Fantasy,,,,,,,650,11
169,Narue no Sekai,5370,6.6,TV,12,24 min. per ep.,Apr 2003,Jun 2003,Spring,Manga,PG-13,16021,https://myanimelist.net/anime/840/Narue_no_Sekai,"Meet Narue, an adorable schoolgirl with a secret. She's really an alien with powers right out of a sci-fi comic! But growing up is never easy, and sometimes it doesn't help when you're from outer space. Join our spunky heroine as she faces androids, alien invaders, and her first date with the boy next door. It's the sci-fi comedy that's a direct hit to your heart! (Source: Central",Comedy,Romance,Sci-Fi,,,,,,288,68
170,Aikatsu!: Dai Starmiya Ichigo Matsuri Zenyasai!!,5371,6.59,Special,1,"47 min.
 ",Nov 2014,Nov 2014,Unavailable,Unavailable,PG ,1438,https://myanimelist.net/anime/28723/Aikatsu__Dai_Starmiya_Ichigo_Matsuri_Zenyasai,Narrated recap of the Aikatsu! series.,Music,School,Shoujo,,,,,,47,6
171,Anime Sanjuushi: Aramis no Bouken,5372,6.59,Movie,1,"45 min.
 ",Mar 1989,Mar 1989,Unavailable,Novel,G ,1165,https://myanimelist.net/anime/2334/Anime_Sanjuushi__Aramis_no_Bouken,"Aramis fell off her horse and received the aid of a man named Francois. They fell in love with each other at first sight and spent their time happily for a while. Francois was killed by Manson and the Ironmask's people, so Aramis swore revenge. Then she went to Paris to be a musketeer. 1 year after the end of TV series, D'Artagnan had a drink with 3 musketeers and found that Jussac and the Cardinal's Guards harrassed a woman in a tavern in Paris. Of couse, they fought Jussac and the Cardinal's guards and won. On his way to home, D'Artagnan witnessed the woman whom he rescued from Jussac about to jump into the river, and rescued her again. D'Artagnan brought her to home but she disappeared soon. After a day, D'Artagnan heard that the woman was killed last night and Rochefort and Cardinal's guards arrested him for murder because his hat was found by the woman's body. Aramis discovers that the story has a link with Catherine de Médicis, and launches out an investigation. This one will bring back her to the castle of her beloved where she will have to face Pizzaro to protect a dangerous document.",Adventure,Historical,Romance,,,,,,45,200
172,Bakuten Shoot Beyblade the Movie: Gekitou!! Takao vs. Daichi,5373,6.59,Movie,1,1 hr. 10 min.,Aug 2002,Aug 2002,Unavailable,Manga,G ,8431,https://myanimelist.net/anime/1670/Bakuten_Shoot_Beyblade_the_Movie__Gekitou_Takao_vs_Daichi,"The Bladebreakers are on a well deserved vacation. But, a hyperactive kid named Daichi continues to pursue Tyson for a rematch after his defeat in the Beyblade World Championships. The Bladebreakers' vacation eventually takes a turn for the worst once they encounter mysterious Beybladers who claim to be the Dark Spirits sealed inside a strange temple. With Daichi under their control, the Shadow Bladers seek to destroy the world with their Dark BitBeasts. Together, Tyson, Max, Ray, and Kai must save not only Daichi... but the world as well...",Action,Sci-Fi,Adventure,Comedy,Sports,Shounen,,,70,89
173,Boku no Chikyuu wo Mamotte: Kiniro no Toki Nagarete,5374,6.59,Special,1,"27 min.
 ",Oct 2001,Oct 2001,Unavailable,Unavailable,PG-13,1190,https://myanimelist.net/anime/10036/Boku_no_Chikyuu_wo_Mamotte__Kiniro_no_Toki_Nagarete,"Please Save My Earth Music Image Video: The Passing of the Golden Age contains six music videos with footage not seen in the OVA and scenes taken from the manga, as well as a slightly different version of the OVA ending sequence, and the ending credits for the image videos. (Source: Wikipedia) See more info for additional information about these",Sci-Fi,Music,Drama,Romance,Shoujo,,,,27,60
174,Busou Shinki Moon Angel,5375,6.59,ONA,10,5 min. per ep.,Sep 2011,Jan 2012,Unavailable,Other,PG-13,11812,https://myanimelist.net/anime/11103/Busou_Shinki_Moon_Angel,"The story follows the coming of age and Shinki battles of Tsubasa, a boy who dreams of becoming a Shinki Master, and his Shinki partner Arnval Mk. 2.",Action,Sci-Fi,,,,,,,50,28
175,Comic Party,5376,6.59,TV,13,24 min. per ep.,Apr 2001,Jun 2001,Spring,Visual novel,PG-13,16692,https://myanimelist.net/anime/289/Comic_Party,"Destiny or delusion? It's a hilarious rollercoaster of laughter and confusion when Taishi, the ultimate otaku, drags his friend Kazuki into the swirling world of ambition, hatred, and love—the world of fan comics! Poor clueless Kazuki must sink or swim when he's dumped straight into the middle of a massive comic convention. Lost amidst hoards of buyers, sellers, and cosplayers, Kazuki is about to be baptized by fire, all in order to lead him toward his true calling: to take over the world through fan comics! Meanwhile, Kazuki's childhood friend Mizuki isn't about to let him be dragged from his normal life without a fight! But will she be able to stop the addictive draw of the new world that lies before Kazuki? Little by little, Kazuki is slipping down the path towards destiny—and Taishi is shoving him every step of the way!",Comedy,Drama,,,,,,,312,143
176,Crusher Joe OVA,5377,6.59,OVA,2,57 min. per ep.,Feb 1989,Jun 1989,Unavailable,Light novel,R,2509,https://myanimelist.net/anime/2696/Crusher_Joe_OVA,"The galaxy is a strange and dangerous place, and there are times when even the United Space Force can`t help. That`s where the Crushers come in - skilled troubleshooters who will deal with any problem, large or small, for a fee (large only!) And there is no better Crusher than Crusher Joe!",Action,Sci-Fi,Adventure,,,,,,114,52
177,Di Gi Charat Natsuyasumi Special,5378,6.59,Special,4,11 min. per ep.,Aug 2001,Aug 2001,Unavailable,Unavailable,G ,2272,https://myanimelist.net/anime/1756/Di_Gi_Charat_Natsuyasumi_Special,"The Di Gi Charat Natsuyasumi Special was another four episode series set in America that aired almost a year after the original series from August 2, 2001 to August 3, 2001. The young American otaku, Rodoyan, is introduced in this series. • Natsuyasumi Special Episode 1 - Dejiko in America 1 • Natsuyasumi Special Episode 2 - Dejiko in America 2 When Puchiko wanted to get off a bus she couldn't reach the signal button, and the driver (looks just like Abarenbou) kept accelerating until reaching America. Soon Dejiko received a letter from Rod Young, an American boy and a big fan of Dejiko who let Puchiko stay with him, inviting Dejiko to America to visit them and pick Puchiko up. • Natsuyasumi Special Episode 3 - Depurapyogebo Debut A contest of bands was about to be held at Akihabara; the first prize is 10-year supply of nattou, Dejiko's favorite food. She decided to enroll but couldn't find enough members or instruments. • Natsuyasumi Special Episode 4 - Isn`t Anyone Here-nyo? Dejiko and gangs of Gamers went to the mountains, but when night fell people began to disappear one by one (Source: ANN, AniDB",Comedy,,,,,,,,44,194
178,Di Gi Charat: Hoshi no Tabi,5379,6.59,Movie,1,"21 min.
 ",Dec 2001,Dec 2001,Unavailable,Unavailable,PG-13,2742,https://myanimelist.net/anime/1752/Di_Gi_Charat__Hoshi_no_Tabi,"Dejiko decided to take a vacation and visit her home, Planet Di Gi Charat, together with Puchiko, Gema, and (accidentally) Rabi~en~Rose. However, Piyoko and her aids would not let go this chance to capture her.",Comedy,,,,,,,,21,35
179,Eoneu Nal Jameseo Kkaeeoboni Bagelyeoga Doeeo Isseotda,5380,6.59,ONA,15,15 min. per ep.,Nov 2019,Dec 2019,Unavailable,Web manga,PG-13,1727,https://myanimelist.net/anime/43779/Eoneu_Nal_Jameseo_Kkaeeoboni_Bagelyeoga_Doeeo_Isseotda,"Bong Gi used to have dreams of making something of his life. But now all that seems like a distant memory. He has become fat, lazy, unemployed, and altogether unlovable. In the real world, people are grossed out by him. He has never had a girlfriend and he spends his late nights fantasizing about women whose pictures he leers at on the internet. His own life appalls him, but he has one escape – his online life. Gaming has become his everything, and he excels at it. After another long, lonely night of gaming, he wakes up – and is shocked to find that he has transformed into a woman. Or to be more precise, a woman who looks a lot like those he used to lust after online! Confused, he does not know where to turn – so looks for answers on the net. He encounters a young woman in a chat forum named Sae Mi, who offers him advice. He soon falls for her charms – which makes things complicated to say the least. And things get even more bizarre when he attempts to take revenge on Sang Woo, a school bully who turns out to be Sae Mi’s older brother!",Comedy,Romance,Ecchi,,,,,,225,203
180,Fatal Fury: The Motion Picture,5381,6.59,Movie,1,1 hr. 36 min.,Jul 1994,Jul 1994,Unavailable,Game,R,10498,https://myanimelist.net/anime/504/Fatal_Fury__The_Motion_Picture,"Young millionaire Laocorn Gaudeamus is on a crusade to recover six pieces of armour said to give the user the powers of Mars—the legendary God of War. Fearing that her twin brother is slowly losing his sanity with every armour piece he collects, Sulia runs to Terry, Andy, Joe and Mai to form their own global crusade to stop Laocorn from opening a potential Pandora's Box and releasing an uncontrollable form of destruction.",Action,Adventure,Drama,Martial Arts,Romance,Shounen,,,96,73
181,FLCL Alternative,5382,6.59,Movie,1,2 hr. 15 min.,Sep 2018,Sep 2018,Unavailable,Original,PG-13,69132,https://myanimelist.net/anime/35842/FLCL_Alternative,"Life seems to drift by for Kana Koumoto and her friends in their small Japanese town. Every day is just like the last, and it feels like every new day will be the same. Kana goes to school, hangs out with her friends, and likes to paint her nails and listen to music, but it feels like nothing special is ever going to happen. As a change of pace, Kana and her friends decide to design a bottle rocket and launch it into space, even though it might not get there at all. However, just when the rocket is completed, a robot suddenly crashes into and destroys it, shortly followed by a pink-haired woman claiming to be a ""Galactic Investigator."" Kana's life quickly becomes more exciting than she ever imagined, dealing with new feelings, changing friends, and even boy troubles. It turns out life can go by in the blink of an eye, fast enough to even miss it, so what's with these weird robots that seem to show up at the worst times?!",Action,Comedy,Dementia,Mecha,Parody,Sci-Fi,,,135,174
182,Gakuen Handsome,5383,6.59,TV,12,3 min. per ep.,Oct 2016,Dec 2016,Fall,Game,PG-13,27228,https://myanimelist.net/anime/33392/Gakuen_Handsome,"High school student Yoshiki Maeda is starting a new year in the all-boys Baraman High School. On the first day, Yoshiki reconnects with his childhood friend, Takuya Saotome, and meets his odd and dramatic homeroom teacher, Teruhiko Saionji. Yoshiki’s younger sister, Yuu, is aware of many of these handsome boys and seems to take pleasure in teasing her big brother about them. Yoshiki soon discovers a number of stereotypical romance characters and has no choice but to deal with their outright ludicrous and nonsensical boys' love antics.",Comedy,Parody,School,Shounen Ai,,,,,36,87
183,Ginga Tetsudou 999: Kimi wa Haha no You ni Aiseru ka!!,5384,6.59,Special,1,1 hr. 33 min.,Oct 1980,Oct 1980,Unavailable,Manga,G ,1371,https://myanimelist.net/anime/6735/Ginga_Tetsudou_999__Kimi_wa_Haha_no_You_ni_Aiseru_ka,A remake of episodes 51-52 of the TV version.,Sci-Fi,Space,,,,,,,93,9
184,Girls & Panzer Heartful Tank Disc Picture Drama,5385,6.59,Special,4,10 min. per ep.,Sep 2013,Sep 2013,Unavailable,Original,PG-13,4448,https://myanimelist.net/anime/23137/Girls___Panzer_Heartful_Tank_Disc_Picture_Drama,"Picture drama episodes bundled with the Girls & Panzer ""Heartful Tank Disc.""",Military,School,,,,,,,40,12
185,Glass no Kantai: La Legende du Vent de l'Univers,5386,6.59,TV,24,24 min. per ep.,Apr 2006,Sep 2006,Spring,Original,PG-13,10413,https://myanimelist.net/anime/973/Glass_no_Kantai__La_Legende_du_Vent_de_lUnivers,"The People's Army led by Michel stands against Vetti's newly founded empire. Upon seeing how strong the Glass Battleship is, Michel tries to get Cleo, the captain of the Glass Battleship, to help People's Army overthrow Vetti's empire. And together they fight against Vetti's empire.",Adventure,Sci-Fi,,,,,,,576,45
186,Haou Taikei Ryuu Knight,5387,6.59,TV,52,25 min. per ep.,Apr 1994,Mar 1995,Spring,Manga,PG-13,2504,https://myanimelist.net/anime/1848/Haou_Taikei_Ryuu_Knight,"Adeu the Sonic, brash young pilot of the Ryu Knight Zephyr, is joined in his travels by Princess Paffy, Priest Izumi and Ninja Sarutobi. They encounter various people of the land, including other Ryus. On the way, Adeu seeks to test his Ryu against others and thereby grow in his abilities.",Action,Adventure,Fantasy,Mecha,,,,,1300,51
187,IGPX: Immortal Grand Prix,5388,6.59,TV,5,5 min. per ep.,Sep 2003,Sep 2003,Summer,Original,PG-13,3574,https://myanimelist.net/anime/1409/IGPX__Immortal_Grand_Prix,"In the year 2035, Team Suzaku and Team Sledge Mamma are preparing to meet in the final round of the 12th Immortal Grand-1 Prix (IG1 or IGPX). Takeshi leads Team Suzaku, which is made up of a group of young amateur pilots who must make the most of their limited funds and weaponry in order to prepare for the competition designed for professionals. This series served as the pilot to the full IGPX: Immortal Grand Prix, each episode is only 5 minutes long or less. A key difference between the two is that this series featured combat mecha competition rather than racing mecha.",Sports,Mecha,Sci-Fi,Shounen,,,,,25,103
188,Ikkitousen: Xtreme Xecutor Specials,5389,6.59,Special,6,3 min. per ep.,Jun 2010,Nov 2010,Unavailable,Unavailable,R,11889,https://myanimelist.net/anime/8507/Ikkitousen__Xtreme_Xecutor_Specials,Ikkitousen: Xtreme Xecutor Blu-ray and DVD specials.,Comedy,Ecchi,,,,,,,18,7
189,Inu to Hasami wa Tsukaiyou,5390,6.59,TV,12,24 min. per ep.,Jul 2013,Sep 2013,Summer,Light novel,PG-13,113131,https://myanimelist.net/anime/17831/Inu_to_Hasami_wa_Tsukaiyou,"A nonsense comical mystery. Harumi Kazuhito is a high school boy who loves books and is a fan of novelist Natsuno Kirihime. One day, he finds Kirihime writing at a cafe, about to be shot by a robber. He protects her from the attack but is killed instead. Through the supernatural power of a book-worm, he is reincarnated as a dachshund dog. Kazuhito (as a dog) writhes in a painful bookless life, when a sadistic woman carrying a pair of scissors offers him help. She is Kirihime herself. (Source: Dog and",Comedy,Supernatural,,,,,,,288,91
190,Kanokon: Manatsu no Dai Shanikusai,5391,6.59,OVA,2,25 min. per ep.,Oct 2009,Oct 2009,Unavailable,Light novel,R,37426,https://myanimelist.net/anime/6791/Kanokon__Manatsu_no_Dai_Shanikusai,"With the arrival of summer and the school break, Chizuru, Kota, and the rest of their friends are lazily enjoying the warm weather. Chizuru flirts with Kota, Kota gets embarrassed, and Nozomu gets in the way. Tayura pines after Akane, Akane rebuffs Tayura, and a sexy good time ensues. The status quo isn't quite the same since the fox snared her prey, but the timeless boy-meets-girl tale lingers on. (Source:",Ecchi,Romance,Slice of Life,,,,,,50,70
191,Ketsuekigata-kun!,5392,6.59,TV,12,2 min. per ep.,Apr 2013,Jun 2013,Spring,Web manga,PG-13,9373,https://myanimelist.net/anime/17731/Ketsuekigata-kun,"The anime adapted from the manga remake version of the Korean webtoon ""A Simple Thinking about Bloodtypes"" involving the faceless and nameless characters of four different blood types to discuss about popular anthropomorphized blood types (the stereotypes about the blood types) in Japan and Korea.",Comedy,,,,,,,,24,45
192,Kizuna Ichigeki,5393,6.59,Movie,1,"24 min.
 ",Mar 2011,Mar 2011,Unavailable,Original,G ,5583,https://myanimelist.net/anime/10016/Kizuna_Ichigeki,"Shortly after winning the World Martial Arts Tournament and using the winnings to pay off her grandfather's one hundred million yen debt, a reporter shows up on Kizuna Todoroki's doorstep. Impressed that such a young girl was able to defeat the 10-year reigning champion, the reporter wants to interview Kizuna for a piece on her and the Wadachi Ju-ken school of martial arts founded by Kizuna's grandfather. However, before the interview can end, challengers begin to appear at the Todoroki household. After hearing that Kizuna is only 12, they hope to defeat her before her 13th birthday to usurp her position as the world champion. As dozens of challengers appear, Kizuna struggles to bring them all down, while the reporter learns more about the Todoroki family.",Comedy,Martial Arts,,,,,,,24,126
193,Koi to Uso,5394,6.59,TV,12,24 min. per ep.,Jul 2017,Sep 2017,Summer,Manga,PG-13,265824,https://myanimelist.net/anime/34934/Koi_to_Uso,"In a futuristic society, Japan has implemented a complex system referred to as ""The Red Threads of Science"" to encourage successful marriages and combat increasingly low birthrates. Based on a compatibility calculation, young people at the age of 16 are assigned marriage partners by the government, with severe repercussions awaiting those who disobey the arrangement. For Yukari Nejima, a teen that considers himself average in every way, this system might be his best shot at living a fulfilling life. However, spurred by his infatuation for his classmate and long-time crush, Misaki Takasaki, Yukari defies the system and confesses his love. After some initial reluctance, Misaki reciprocates his feelings in a moment of passion. Unfortunately, before the two can further their relationship, Yukari receives his marriage notice. He is then thrown into a confusing web of love and lies when his less-than-thrilled assigned partner, Ririna Sanada, becomes fascinated with his illicit romance.",Drama,Romance,School,,,,,,288,151
194,Kono Yo no Hate de Koi wo Utau Shoujo YU-NO,5395,6.59,TV,26,23 min. per ep.,Apr 2019,Oct 2019,Spring,Visual novel,PG-13,94619,https://myanimelist.net/anime/34620/Kono_Yo_no_Hate_de_Koi_wo_Utau_Shoujo_YU-NO,"Takuya Arima is a young student whose father, a historian who has conducted various researches, disappeared recently. During a summer vacation Takuya receives a peculiar package from his missing father, along with a letter containing information about the existence of various parallel worlds. At first Takuya doesn't take it seriously, but soon he realizes that he possesses a device that allows him to travel to alternate dimensions. Is his father alive, after all? If so, where is he?",Sci-Fi,Drama,,,,,,,598,78
195,Lostorage Conflated WIXOSS: Missing Link,5396,6.59,OVA,1,"25 min.
 ",Dec 2017,Dec 2017,Unavailable,Card game,R,4369,https://myanimelist.net/anime/36083/Lostorage_Conflated_WIXOSS__Missing_Link,Unavailable,Game,Psychological,,,,,,,25,1
196,Lupin III: Babylon no Ougon Densetsu,5397,6.59,Movie,1,1 hr. 40 min.,Jul 1985,Jul 1985,Unavailable,Manga,R,6082,https://myanimelist.net/anime/1433/Lupin_III__Babylon_no_Ougon_Densetsu,"Mysterious Babylonian Tablets unearthed in Manhattan provide tantilizing clues about the location of the Tower of Babel - not the biblical one, but the original one, built out of solid gold! The Mob is out to get the gold, but so is Lupin III. It's Thugs vs. Thieves when Lupin & Co. go up against a fearsome flyswatting Polish Mafia boss, a bevy of beauty-contest policewomen, Zenigata, the hard-luck Interpol Inspector, a mysterious bag-lady AND his own girl-friend in a trans-continental trust-nobody trek after a treasure of biblical proportions!",Action,Adventure,Mystery,Comedy,Seinen,,,,100,89
197,Meme Iroiro Yume no Tabi,5398,6.59,TV,127,25 min. per ep.,Apr 1983,Sep 1985,Spring,Unavailable,PG ,575,https://myanimelist.net/anime/3436/Meme_Iroiro_Yume_no_Tabi,"Meme, a very cute and strange creature, is this leading character of this series. One day Meme comes out of a computer and meets Daisuke and Sayaka. Meme guides the kids throughout his world, where they meet world-famous scientists, inventors and scholars such as Galileo, Pasteur, Kepler, and many more. This series is not only highly entertaining for children and the entire family but is also very interesting and educational.",Adventure,Kids,Sci-Fi,,,,,,3175,70
198,Miru Tights,5399,6.59,ONA,12,4 min. per ep.,May 2019,Jul 2019,Unavailable,Original,PG-13,63444,https://myanimelist.net/anime/38935/Miru_Tights,"Light showers accompany falling cherry blossoms as they flood the view of another April morning, marking the start of a new school year for students Homi Moegi, Ren Aikawa, and Yua Nakabeni. Discovering that they all share the same class, the three playfully reunite as the new semester begins. Starting another important time of their lives, the girls deepen their friendship through laughter, happiness, sadness, and all other struggles that come their way—all the while wearing dazzling, silky nylon tights.",Ecchi,School,,,,,,,48,80
199,Mizugumo Monmon,5400,6.59,Movie,1,"15 min.
 ",Jan 2006,Jan 2006,Unavailable,Original,G ,2725,https://myanimelist.net/anime/4306/Mizugumo_Monmon,"The short film's main character is a water spider who seems to have fallen in love with a water strider. Though she is scared of him at first, the water strider soon gets used to the presence of the spider.",Fantasy,Kids,Romance,,,,,,15,40
